Company,Description,URL,title,location,date_posted,link,fit,Unnamed: 8,fit reason,role description,role responsibilities,role reqs,role years experience,final fit,yrs exp req
Profound,Be more visible in AI Search.,https://www.tryprofound.com/,GTM Data Engineer,New York City,"Nov 17, 2025",https://jobs.ashbyhq.com/Profound/f0899031-8cd6-4ea6-bade-b21a082871ca,8.0,,"Good match on GTM/growth goals and Python/SQL analytics skills, but lacks 3–5 years of end-to-end GTM/data-engineering experience at a high-growth SaaS company.","Profound is an NYC-based Series B AI startup that helps brands measure and improve their visibility across AI platforms. The GTM Data Engineer will design data systems, heuristics, and pipelines to drive customer engagement, lifecycle automation, and GTM insights across Product, Customer Success, and Sales.","['Map customer journeys to data-driven heuristics to surface usage, adoption, and friction', 'Identify product/feature expansion opportunities from behavioral and account-level signals', 'Design lifecycle trigger frameworks for automated engagement to drive activation and retention', 'Detect anti-patterns indicating risk or churn and flag moments for Engagement Manager intervention', 'Build pipelines, models, and data workflows that power GTM insights and dashboards', 'Collaborate with Engagement Managers, Product, Data Engineering, and GTM leadership to operationalize insights', 'Ensure data quality, consistency, and usability across GTM datasets, dashboards, and internal tooling']","['Strong experience with Python, SQL, and statistical analysis on large/complex datasets', '3–5 years in data engineering, analytics engineering, product analytics, GTM analytics, or related role at a high-growth SaaS company', 'Ability to translate ambiguous product and customer questions into data-driven frameworks', 'Experience owning pipelines end-to-end from data modeling to surfacing actionable insights', 'Curiosity and product intuition about customer behavior and predictive patterns', 'Collaborative, proactive, and able to take ownership of outcomes', 'Bonus: experience with lifecycle modeling, behavioral heuristics, predictive scoring, or customer journey analytics']",,6,3.0
Profound,Be more visible in AI Search.,https://www.tryprofound.com/,Deal Operations,New York City,"Nov 17, 2025",https://jobs.ashbyhq.com/Profound/a236e68f-2d1d-4d11-bfe2-9fa2ee1d12d8,8.0,,Seniority,"Profound is an NYC-based AI startup that helps brands measure and improve their visibility in AI platforms. The Deal Operations role owns and scales the close process to improve sales velocity and close rates by building workflows, tooling, and cross-functional processes across Sales, Legal, Finance, and Product.","['Drive completion of InfoSec/security questionnaires for enterprise prospects', 'Build a process for completing DPAs and other contract-related documentation', 'Own the CPQ process from configuration to quote to close', 'Build and maintain a knowledge base and answer engine to make RFIs/RFPs efficient', 'Own the process for completing RFPs and complex deal documentation', 'Manage the end-to-end booking process to maximize rep efficiency and ensure deals are booked cleanly and on time', 'Identify and implement process improvements that accelerate deal velocity and improve close orchestration']","['5+ years in Sales Operations, Deal Desk, Deal Operations, or RevOps (preferably in high-growth SaaS or enterprise software)', 'Highly process-oriented with a track record of building and optimizing deal operations workflows', 'Strong technical fluency with CPQ tools, quote systems, contract documentation, and sales booking processes', 'Excellent cross-functional partnership skills (Sales, Legal, Finance, Product)', 'Proactive, high-agency operator who takes ownership end-to-end', 'Focus on deal velocity, close-rate improvement, operational excellence, and scalability']",,0,5.0
Profound,Be more visible in AI Search.,https://www.tryprofound.com/,SWE - New Grad,"New York City, San Francisco, and Buenos Aires","Nov 11, 2025",https://jobs.ashbyhq.com/Profound/1d4a905b-7b91-4763-88dd-7abc7562fbcd,5.0,,"Solid data/engineering foundation but lacks explicit React/TypeScript/Node full‑stack experience and the role is misaligned with your business/strategy‑focused, user‑facing career goals.","Profound is an NYC-based AI startup (Series B funded) that helps brands measure and improve their visibility in AI platforms. They are hiring a New Grad Software Engineer to build full‑stack, high-performance applications across front-end and back-end, working on AI-driven insights in an on-site role (Union Square or upcoming San Francisco office).","[""Build and ship full-stack applications to analyze and control companies' AI presence"", 'Develop and refine front-end interfaces using React and TypeScript', 'Design and optimize back-end systems for performance, security, and scalability', 'Collaborate with design and product teams to translate ideas into production-ready experiences', 'Own key technical decisions to ensure maintainability and long-term impact']","['Portfolio or GitHub demonstrating full-stack development expertise', 'Proficiency with React, TypeScript, Node.js, and modern front-end/back-end frameworks', 'Experience designing and working with scalable databases and APIs', 'Strong understanding of performance optimization, security, and engineering best practices', 'Comfortable working in a fast-moving startup environment', 'On-site presence in Union Square (NYC) or San Francisco office', 'Visa sponsorship available for qualified international candidates']",,3,0.0
Profound,Be more visible in AI Search.,https://www.tryprofound.com/,Sales Proposal Specialist,New York City,"Nov 11, 2025",https://jobs.ashbyhq.com/Profound/e76123ae-d80b-41c3-93d1-8ed1751612e5,7.0,,"Good match on process, ops, cross‑functional coordination and interest in RevOps/solutions; weak on direct enterprise SaaS/sales/security experience and likely NYC/onsite availability.","Profound is an NYC-based AI startup helping brands measure and improve their visibility in AI platforms. The Sales Proposal Specialist will manage the end-to-end proposal process to help win enterprise deals, coordinating RFPs, RFIs, and security questionnaires, building a response knowledge base, and partnering with Sales, Legal, Security, and Product teams.","['Manage and coordinate security questionnaires, RFIs, and RFPs from enterprise prospects', 'Build and maintain a knowledge base of responses, best practices, and reference materials', 'Partner cross-functionally with Sales, Legal, Security, and Product to ensure accurate, compliant, and persuasive proposals', 'Identify and implement improvements to make the deal process faster, more repeatable, and scalable', 'Support Sales and Solutions Consulting with ad-hoc deal enablement and documentation requests']","['Detail-oriented and process-minded', 'Strong written and verbal communication skills', 'Willingness to learn how enterprise SaaS deals are structured and to gain exposure across the business', 'Ability to balance multiple priorities and deadlines with precision and professionalism', 'Comfortable working cross-functionally in a fast-paced, high-growth environment', 'Interest in growing into Solutions Consulting, RevOps, or Security roles', 'Able to work on-site in the Union Square, NYC office']",,6,
Profound,Be more visible in AI Search.,https://www.tryprofound.com/,Strategic Finance Associate,New York City,"Nov 11, 2025",https://jobs.ashbyhq.com/Profound/3eae6685-45b1-403d-83d5-26ae9f8fcb65,8.0,,Seniority,"Profound is an NYC-based AI startup (recently Series B funded) that helps brands measure and improve visibility in AI platforms. The Strategic Finance Associate will drive company-wide planning, forecasting, and strategic decision-making by blending analytics, technical fluency, and business acumen to inform finance strategy and scalable growth.","['Build and advance analytics infrastructure in partnership with Data Engineering', 'Deliver rigorous, data-driven insights on business performance and operating efficiency', 'Act as a technical finance partner/liaison to cross-functional teams (Sales, RevOps, Data Engineering, Marketing)', 'Translate data into actionable recommendations that drive business outcomes and improve go-to-market strategy', 'Automate recurring deliverables and scale Finance workflows', 'Develop self-service dashboards and data assets to empower decision-makers', 'Surface trends and recommendations to improve sales efficiency']","['4+ years in business intelligence, strategic finance, data analysis, consulting, investing, banking, or other highly analytical field (experience in high-growth SaaS preferred)', 'Strong proficiency in SQL and data visualization tools; experience with large/complex datasets; familiarity with DBT, Dagster, and Hex is a plus', 'Ability to analyze complex data, uncover key insights, and translate findings into actionable financial strategies', 'Proven ability to build relationships and engage stakeholders with varying data fluency', 'Self-starter who thrives in ambiguity, takes ownership, and has a bias for action', 'Proactive, clear communicator who connects financial outcomes to business strategy']",,0,4.0
Profound,Be more visible in AI Search.,https://www.tryprofound.com/,GTM Operations & Analytics,New York City,"Nov 4, 2025",https://jobs.ashbyhq.com/Profound/3dac5de6-fa35-451f-885a-d564c28be42c,9.0,,"Strong analytics, AI/data background and interest in GTM, but lacks direct Sales/Revenue Ops experience (CRM, comp modeling, territory design) the role prefers.","Profound is an NYC-based AI startup building products to measure and improve brand visibility across AI platforms. The GTM Operations & Analytics role owns GTM systems, reporting, and insights to support Sales, Marketing, and Finance, driving efficient, data-driven go-to-market execution.","['Own GTM business metrics reporting (sales productivity, rep attainment, market analysis) to inform decisions', 'Model and manage sales incentive and compensation planning; ensure accurate and timely rep payments', 'Prioritize and optimize lead flow and routing', 'Perform segmentation and territory analysis to focus on strategic accounts', 'Partner with leadership to forecast pipeline, revenue, and productivity with accountability', 'Design and maintain dashboards and analytics frameworks for Sales and Marketing', 'Identify and implement process and tooling improvements across the GTM tech stack (CRM, reporting, lead routing, attribution)', 'Collaborate cross-functionally with Finance, Product, and Marketing Ops on targets, coverage models, and reporting definitions', 'Translate data into clear insights and recommendations to improve sales efficiency and GTM strategy']","['2–4 years experience in GTM, Revenue, or Sales Operations with strong analytical and modeling skills', 'Proven experience with CRM and reporting tools (e.g., Salesforce, HubSpot, Looker, Tableau or equivalent)', 'Deep understanding of sales compensation, pipeline analytics, and territory design', 'Highly analytical; able to dig into data, find patterns, and surface opportunities', 'Ability to translate data into insights that influence leadership decision-making', 'Excellent communicator and collaborator across Sales, Marketing, and Finance', 'Preferred: experience at fast-growing early-stage SaaS or AI companies', 'Preferred: exposure to SQL or advanced data visualization tools']",,6,2.0
Profound,Be more visible in AI Search.,https://www.tryprofound.com/,Solutions Consultant - London,London,"Nov 3, 2025",https://jobs.ashbyhq.com/Profound/1ec33f53-dc01-451a-9de4-31e05adb84a0,7.0,,"Strong technical/communication foundation and AI interest, but lacks 3–5 yrs B2B SaaS pre‑sales/Solutions Consulting and hands‑on API/integration/demo/POC experience.","Profound is an NYC-based Series B AI startup helping brands measure and improve their visibility in AI platforms. The Solutions Consultant (on-site in London) owns the technical and strategic side of pre-sales, working across sales, product, and customer success to design and demonstrate tailored solutions that drive measurable outcomes for enterprise customers.","['Support discovery calls, demos, and RFPs in partnership with the Sales team, articulating technical capabilities and strategic value', 'Design custom solutions by mapping customer use cases to platform features, integrations, and data models', 'Deliver high-impact product demonstrations that show how Profound improves brand visibility in AI-driven platforms', 'Collaborate with Product and Engineering to scope custom implementations, integrations, and data requirements', 'Develop and refine proof-of-concept (POC) engagements to demonstrate ROI and accelerate deal cycles', 'Create and maintain technical documentation, solution playbooks, and demo environments to enable repeatability and scale', 'Act as a trusted advisor connecting technical depth with marketing and AI strategy', 'Gather market and customer feedback to inform product roadmap priorities and go-to-market enablement']","['3–5 years in Solutions Consulting, Sales Engineering, or Pre-Sales within B2B SaaS (preferably marketing tech, data analytics, or AI)', 'Strong technical fluency with APIs, integrations, data models, and workflows for both business and technical audiences', 'Excellent communication and presentation skills; able to simplify complex concepts into clear narratives', 'Curiosity about AI, search, and how brands appear in generative experiences', 'Proven ability to collaborate cross-functionally with sales, product, and customer success teams', 'Analytical mindset with the ability to identify customer needs and translate them into measurable business value', 'Bonus: experience with AI tools, SEO/search platforms, or data visualization systems']",,4,3.0
Profound,Be more visible in AI Search.,https://www.tryprofound.com/,Solutions Consultant,New York City,"Nov 3, 2025",https://jobs.ashbyhq.com/Profound/c43192f0-1d55-4d18-9acf-73726bfcc522,9.0,,Solid data/AI and cross‑functional experience but missing the 3–5 years of B2B SaaS pre‑sales/solutions consulting and enterprise demo/POC track record the role requires.,"Solutions Consultant at Profound, an NYC-based AI startup that helps brands measure and improve visibility in AI platforms. The role sits at the intersection of sales, product, and customer success, owning technical and strategic pre-sales activities to tailor the platform to enterprise customer needs and drive measurable outcomes.","['Support discovery calls, demos, and RFPs with the Sales team, articulating technical capabilities and strategic value', 'Design custom solutions by mapping customer use cases to platform features, integrations, and data models', 'Deliver high-impact product demonstrations showing how Profound improves brand visibility in AI-driven platforms', 'Collaborate with Product and Engineering to scope implementations, integrations, and data requirements', 'Develop and refine proof-of-concept (POC) engagements to demonstrate ROI and accelerate deals', 'Create and maintain technical documentation, solution playbooks, and demo environments for repeatability and scale', 'Act as a trusted advisor linking technical depth with marketing and AI strategy', 'Collect market and customer feedback to inform product roadmap and go-to-market enablement']","['3–5 years in Solutions Consulting, Sales Engineering, or Pre-Sales within B2B SaaS (preferably marketing tech, data analytics, or AI)', 'Strong technical fluency with APIs, integrations, data models, and workflows', 'Excellent communication and presentation skills; able to explain complex concepts clearly', 'Curiosity about AI, search, and generative experiences', 'Proven ability to work cross-functionally with sales, product, and customer success', 'Analytical mindset and ability to translate customer needs into measurable business value', 'Bonus: experience with AI tools, SEO/search platforms, or data visualization systems', 'Willingness to work on-site in the Union Square office']",,4,3.0
Profound,Be more visible in AI Search.,https://www.tryprofound.com/,Forward Deployed Engineer,"New York City, San Francisco, and Buenos Aires","Oct 28, 2025",https://jobs.ashbyhq.com/Profound/b076c997-0ba3-4d3c-9dc9-ad0b3ed49b05,6.0,,Good client-facing/product-translation fit but lacks 2+ yrs production full‑stack experience (TypeScript/Next.js/React) and enterprise integration background.,"Profound is an NYC-based AI startup (Series B backed) that helps brands improve visibility in AI platforms. The Forward Deployed Engineer is a client-facing full-stack engineer who builds production integrations, architects enterprise-scale solutions, and acts as the technical bridge between Profound's engineering team and Fortune 500 clients.","[""Design and build custom integrations connecting Profound's platform to enterprise systems"", 'Write production-quality code (TypeScript, Python, Next.js) for client-specific features', 'Architect solutions for enterprise-scale data volumes, security, and performance (millions of daily queries)', 'Debug complex issues spanning client infrastructure and company systems', 'Lead technical discussions with client engineering teams and C-suite executives', 'Translate client requirements into technical solutions and present architectures/implementation plans', 'Build trusted relationships, run technical workshops and train client teams', 'Identify client need patterns and feed insights into product development and roadmap', 'Develop reusable components, implementation guides, dashboards, data pipelines, and automation workflows', 'Lead enterprise POCs to unlock large contracts']","['2+ years of software engineering experience with production systems', 'Strong proficiency in TypeScript, Next.js, and React', 'Solid Python experience for backend development and data processing', 'Experience with REST APIs, system integration patterns, and databases (PostgreSQL, time-series DBs)', 'Comfortable with cloud platforms (AWS preferred); Rust is a plus', 'Exceptional written and verbal communication; ability to explain technical concepts to non-technical stakeholders', 'Experience working directly with enterprise clients and presenting to executives', 'Strong problem-solving skills, ability to context-switch between client engagements', 'Customer-obsessed, engineering rigor, strategic thinking, ownership mentality, and a growth mindset']",,4,2.0
Profound,Be more visible in AI Search.,https://www.tryprofound.com/,Technical Operations Engineer,New York City,"Oct 23, 2025",https://jobs.ashbyhq.com/Profound/8dc1abbf-3090-41ad-9670-5fe5dbd0cc51,6.0,,"Has transferable scripting/systems thinking but lacks 2+ years IT ops, macOS/MDM, and identity/Google Workspace admin experience; specialized on-site role mismatch with business/strategy goals.","Profound is an NYC-based AI startup (Series B funded) hiring a Technical Operations Engineer to own the reliability, security, and scalability of identity, endpoint, and IT infrastructure systems. The role focuses on transforming reactive IT support into automated, proactive operations to enable engineering velocity and is based on-site in their Union Square office.","['Triage and resolve technical incidents with a focus on automation and continuous improvement', 'Manage and troubleshoot macOS devices and developer environments at scale (MDM)', 'Trace root causes across complex multi-system failures (Google Workspace → MDM → AWS) and build runbooks/documentation', 'Identify recurring issue patterns and implement systematic fixes to reduce operational friction', 'Lead projects addressing device provisioning, access control, and compliance automation', 'Design self-service solutions to empower engineers and speed onboarding/provisioning', 'Translate technical issues for cross-functional stakeholders (Engineering, People Ops, Finance) and partner with security on compliance controls', 'Mentor future IT team members and elevate troubleshooting methodology and systems thinking']","['2+ years in IT Operations or Technical Support, ideally supporting engineering teams in high-growth SaaS/AI companies', 'Systems thinker with strong incident management skills (triage, root-cause analysis, pattern recognition)', 'Experience with identity management, SSO, and access control systems', 'Expert troubleshooting across the Apple ecosystem and MDM (Kandji, Jamf, or similar)', 'Advanced Google Workspace administration (SAML/OIDC, lifecycle automation, SCIM)', 'Multi-cloud support experience (AWS primary; familiarity with GCP/Azure)', 'Network troubleshooting skills (DNS, VPNs, routing)', 'Scripting and automation experience (Python, Bash) and familiarity with infrastructure-as-code/configuration management', 'Clear communicator, self-directed, and good judgment on escalation vs independent resolution']",,3,2.0
Profound,Be more visible in AI Search.,https://www.tryprofound.com/,People Ops Associate,New York City,"Oct 22, 2025",https://jobs.ashbyhq.com/Profound/75bbb9cb-cb15-493c-944c-eb536fbe7f81,6.0,,Only tangential ops experience; lacks 3–5 years HR/payroll/benefits/Rippling expertise and prefers growth/strategy-facing roles.,"Profound is an NYC-based Series B AI startup that helps brands measure and improve their visibility in AI platforms. The People Ops Associate will build and own people systems—bringing HR work in-house and scaling recruiting, onboarding, payroll, benefits, compensation, and compliance while partnering closely with leadership.","['Own and scale People Ops functions: sourcing, hiring, onboarding, compensation, and compliance', 'Manage Rippling for payroll, benefits, devices, and system integrations', 'Partner with recruiters on hiring operations, profiling, and headcount planning', 'Oversee commission agreements, offer letters, and employment documentation', 'Work with lawyers on contracts, immigration, and compliance matters', 'Manage benefits programs including renewals and open enrollment']","['3–5 years in People Operations, HR, or a similar role, preferably in a fast-paced startup', 'Fluent with HR systems (ideally Rippling) and experienced managing vendors, benefits, and payroll', 'Experience collaborating with recruiters, legal counsel, and finance teams', 'Detail-oriented, organized, proactive, and able to build operational processes', 'Low-ego operator who enjoys building processes to improve company operations', 'Willingness to work on-site in the Union Square (NYC) office']",,3,3.0
Profound,Be more visible in AI Search.,https://www.tryprofound.com/,Operations Associate,New York City,"Oct 22, 2025",https://jobs.ashbyhq.com/Profound/2182bd69-27bd-424f-b297-fe87b2ea9f50,8.0,,"Solid cross‑functional ops and event/onboarding experience and fits generalist goals, but role is more administrative than strategic, on‑site NYC requirement, and limited dedicated ops tenure.","Profound is an NYC-based Series B AI startup that helps brands measure and improve their visibility in AI platforms. The Operations Associate is an on-site generalist role responsible for keeping day-to-day operations running, supporting hiring and onboarding, managing vendor/finance tasks, coordinating events and office logistics, and partnering with leadership to build scalable processes.","['Manage day-to-day operations: logistics, expense tracking, scheduling, and organization', 'Support hiring and onboarding: coordinate with recruiters, schedule interviews, and onboard new hires', 'Assist with cross-company operations projects (investor updates, vendor management, new office setup)', 'Partner with leadership to improve internal processes and build scalable systems', 'Coordinate with accountants and vendors to ensure bills are paid and records are accurate', 'Plan company events, offsites, and track employee milestones', 'Handle special projects and ad-hoc tasks (supplies, facilities, IT issues, strategic initiatives)', 'Act as a low-ego problem solver taking ownership of varied tasks as needed']","['1–3 years experience in operations, investment banking, consulting, or a similarly fast-paced environment', 'Exceptionally organized, detail-oriented, and reliable', 'Strong verbal and written communication skills to keep people aligned', 'Ability to manage multiple projects and shifting priorities', 'High ownership mindset, low ego, and comfort working in ambiguity', 'Willingness to work on-site in the Union Square office']",,6,1.0
Profound,Be more visible in AI Search.,https://www.tryprofound.com/,Chief of Staff - Tech Team,New York City,"Oct 20, 2025",https://jobs.ashbyhq.com/Profound/b27b8b51-602f-4fd0-ba41-f597d140242b,8.0,,"Strong match on CoS goals, analytics, ops, and technical coursework; limited hands-on software/product engineering experience, senior technical-org exposure, and unclear NYC on-site availability.","Profound is an NYC-based AI startup (Series B funded) that helps brands measure and improve their visibility in AI platforms. The Chief of Staff, Tech Team will partner closely with the cofounder/CTO to drive the engineering organization’s roadmap, operations, and high-impact projects, acting as a strategic partner and execution lead on-site in Union Square.","['Partner with the CTO to define and drive the technical roadmap, operational priorities, and team rituals', 'Lead special projects across engineering, infrastructure, and cross-functional initiatives', 'Build and manage systems for clear planning, communication, and execution within the tech organization', 'Act as a force multiplier: frame decisions, unblock progress, and ensure follow-through', 'Serve as an internal hub between engineering, product, design, and external stakeholders']","['Background in software engineering, product management, data science, or product design (experience in technical organizations)', 'Sharp communicator with structured thinking, clarity, and speed', 'Operational excellence and ability to create trusted systems adopted by teams', 'Comfortable with ambiguity and fast-changing environments; bias toward action', 'Trusted partner capable of holding context, spotting blind spots, and supporting a technical leader', 'On-site presence in the Union Square (NYC) office']",,6,
Profound,Be more visible in AI Search.,https://www.tryprofound.com/,Account Executive (Agency) - NYC,New York City,"Oct 14, 2025",https://jobs.ashbyhq.com/Profound/0cdce451-6430-429f-8745-7450a045fab5,8.0,,Strong GTM/BD interest and cross‑func skills but no proven SaaS agency closing experience and likely not NYC/on‑site fit.,"Profound is an NYC-based AI startup that helps brands measure and improve their visibility in AI platforms. They are hiring an Account Executive (Agency) in Union Square, NYC to own the full agency sales cycle, expand agency partnerships, and help build the agency sales go-to-market motion.","['Own the full agency sales cycle from targeted prospecting through negotiation and close across creative, media, and network agencies', 'Develop and execute strategic outreach and relationship-building with agency leaders, innovation teams, and holding company partners', 'Build and nurture long-term partnerships positioning Profound as part of agencies’ AI and brand safety strategies', 'Collaborate cross-functionally with Marketing, Partnerships, and Product to refine positioning, identify use cases, and scale adoption', 'Help build the agency sales team by shaping go-to-market motion, playbooks, and partnership approach']","['Proven SaaS closer with experience selling into agencies, holding companies, or adjacent partner ecosystems (creative, marketing, or technology)', 'Deep familiarity with the agency landscape and how agencies buy and partner', 'Skilled in consultative sales and able to connect emerging technology to business impact across creative, media, and client success functions', 'Entrepreneurial, relationship-driven, strategic, resilient, and motivated to represent a category-defining product', 'Ability to work on-site in the Union Square, NYC office']",,4,
Profound,Be more visible in AI Search.,https://www.tryprofound.com/,Head of Partnerships,New York City,"Oct 14, 2025",https://jobs.ashbyhq.com/Profound/92c86f66-a846-4750-8afa-64225706547a,6.0,,"Early-career VC/data-science background with no senior agency partnerships, holding-company network, or people-leadership experience required for a Head of Partnerships role.","Head of Partnerships at Profound, an NYC-based Series B AI startup that helps brands measure and improve their visibility in AI platforms. The role is based in Union Square, NY and will lead and scale agency partnerships across creative, media, and digital networks, managing a team and defining partner strategy to drive collaboration with agencies and holding companies.","['Lead, mentor, and manage the agency partnerships team, providing structure and strategic direction as the function scales', 'Own and expand relationships with holding companies, agency networks, and independent agencies that serve major brands', 'Develop partnership frameworks that create joint value, including commercial deals, platform integrations, and co-marketing initiatives', 'Work with executive leadership to define agency partnership strategy and ensure alignment with product roadmap and GTM goals', 'Collaborate cross-functionally with Product, Marketing, and Sales to build playbooks, messaging, and joint narratives for agency partners', 'Represent Profound externally at industry events, panels, and summits to position the company as a category leader', 'Build and scale the partnerships function, shaping culture, processes, and strategy within the agency ecosystem']","['Senior partnerships or business development leader with experience building programs that drive measurable commercial impact', 'Deep experience working with agencies, holding companies, or marketing ecosystems and how they partner with emerging tech companies', 'Proven ability to navigate complex organizations and align multi-stakeholder initiatives to deliver mutual value', 'Strong people leadership skills: coaching, empowering, and scaling high-performing teams while remaining hands-on', 'Entrepreneurial, collaborative mindset and comfort building new markets, motions, and teams in a fast-moving environment', 'Strategic and creative thinker fluent in the language of brand, media, and innovation', 'Willingness to work on-site in the Union Square, New York office']",,2,
Profound,Be more visible in AI Search.,https://www.tryprofound.com/,Sales Developement Representative - London,London,"Oct 10, 2025",https://jobs.ashbyhq.com/Profound/95f983ab-dabe-4707-b8e6-d71f06b27dda,6.0,,"Strong GTM/tech interest, startup and ops experience align with growth/BD trajectory, but lacks explicit cold-outbound sales experience and requires London on-site relocation.","Profound is an NYC-based AI startup (Series B funded) hiring an on-site Sales Development Representative in London to drive outbound prospecting, book qualified meetings, and help establish the company’s UK/Europe presence as a founding member of the London office.","['Identify and engage high-potential outbound prospects across target industries', 'Execute personalized, structured outreach campaigns to generate qualified meetings and pipeline', 'Manage high-volume outreach while maintaining consistent tone and value', 'Collaborate with Sales and Marketing to refine targeting, messaging, and go-to-market experiments', 'Help build the London office by shaping go-to-market motion, culture, and processes']","['Proven ability with cold outbound outreach; strong interest/curiosity about AI', 'Intelligent, persistent, self-motivated, and resilient to rejection', 'Highly coachable and adaptable, open to feedback', 'Detail-oriented and creative in personalizing outreach', 'Excited to build from the ground up and play a key role in a growing market', 'On-site role based in London']",,6,
Profound,Be more visible in AI Search.,https://www.tryprofound.com/,Account Executive (Mid-Market) - London,London,"Oct 10, 2025",https://jobs.ashbyhq.com/Profound/4323c4b0-9aac-4d19-8ad8-790801800329,6.0,,"Relevant GTM/BD interest and startup exposure, but no proven mid-market SaaS quota/closing or London/on-site experience.","Profound is an NYC-based AI startup (recent Series B) that helps brands measure and improve their visibility in AI platforms. They are hiring a Mid-Market Account Executive in London to lead consultative sales cycles with high-growth organizations, expand the company’s presence across the UK and Europe, and help establish the London office.","['Own the entire mid-market sales cycle from targeted prospecting to negotiation and close', 'Develop and execute scalable outreach strategies to drive new business and expand footprint across the mid-market', 'Manage a high-velocity pipeline, balancing strategic conversations with efficient execution', 'Build and nurture relationships to convert initial deals into long-term partnerships', 'Partner with Product, Marketing, and Customer Success to accelerate learnings and refine messaging', 'Help establish the London office by influencing process, culture, and go-to-market playbooks']","['Proven SaaS closer with experience selling into mid-market accounts and consistently exceeding quota', 'Ability to run multiple deals in parallel and adapt in a fast-moving sales environment', 'Entrepreneurial, hands-on, and energized by building new regional traction', 'Resilient, curious, impact-oriented with a bias toward action and experimentation', 'On-site role based in London']",,4,
Profound,Be more visible in AI Search.,https://www.tryprofound.com/,Account Executive (Enterprise) - London,London,"Oct 10, 2025",https://jobs.ashbyhq.com/Profound/430cfb10-1188-466d-a972-74927c00f56e,6.0,,Strong GTM/ops and stakeholder experience but no proven enterprise SaaS closing/quota history.,"Profound is an NYC-based, Series B‑backed AI startup that helps brands measure and improve their visibility in AI platforms (e.g., ChatGPT). They are hiring an on-site Enterprise Account Executive in London to lead full enterprise sales cycles for large organizations, drive revenue through consultative selling, and help establish Profound’s presence in the UK and Europe.","['Own the full enterprise sales cycle from targeted prospecting through negotiation and close', 'Develop and execute strategic outreach and pipeline management for complex, multi-stakeholder deals', 'Build and nurture long-term relationships with enterprise prospects and guide them into ongoing partnerships', 'Collaborate with Product, Marketing, and Customer Success to refine strategies and close high-impact opportunities', 'Act as a founding member of the London office, shaping local go-to-market motion, culture, and processes']","['Proven track record as an enterprise SaaS closer', 'Experience with consultative, multi-threaded sales and navigating multiple stakeholders and long deal cycles', 'Entrepreneurial mindset and excitement about building a new market presence', 'Resilient, strategic, impact-driven, with a history of outperforming targets', 'Ability to work on-site in London']",,4,
Profound,Be more visible in AI Search.,https://www.tryprofound.com/,Sales Development Representative,New York City,"Sep 17, 2025",https://jobs.ashbyhq.com/Profound/296d21bb-8c7a-451d-b745-46d0c850afbc,7.0,,"Decent fit for growth/BD: strong analytics, sourcing & resilience; lacks direct cold‑sales/cadence experience and NYC on‑site requirement.","Sales Development Representative at Profound, an NYC-based AI startup helping brands measure and improve their visibility in AI platforms. The role is an on-site, outbound-focused SDR responsible for prospecting, booking meetings, and nurturing leads; compensation includes a base around $80,000 with a $115k OTE, plus equity and benefits.","['Drive outbound initiatives by identifying and contacting potential prospects', 'Execute personalized, structured prospecting campaigns to secure meetings', 'Manage high-volume outreach while maintaining quality, follow-up, and pipeline hygiene', 'Collaborate with sales and marketing to refine targeting, messaging, and campaign strategies', 'Book meetings and nurture leads to move prospects through the funnel']","['Proven ability in cold outbound outreach and prospecting', 'Intelligent, persistent, self-motivated, and coachable', 'Comfortable with high-volume interactions and resilient to rejection', 'Detail-oriented with strong personalization skills in outreach', ""Willingness to work on-site in Profound's Union Square (NYC) office"", 'Bonus: interest in progressing to an Account Executive role']",,6,
Profound,Be more visible in AI Search.,https://www.tryprofound.com/,AI/ML Engineer,New York City,"Sep 4, 2025",https://jobs.ashbyhq.com/Profound/08484c30-121a-4d1f-961b-09518f14337a,5.0,,"Strong ML coursework and some DS internship experience, but lacks proven production-scale LLM/NLP shipping and the role is highly engineering-focused vs the candidate’s business/strategy/growth career goals.","Profound is an NYC-based Series B AI startup that helps brands measure and improve their visibility in AI platforms. The AI/ML Engineer will design, build, and ship large-scale NLP and LLM systems (classification, ranking, clustering, topic discovery, content generation), own end-to-end workflows from data to deployment, and collaborate across product, engineering, data, and go-to-market teams. This is an on-site role in Union Square.","['Build and deploy NLP models at scale for classification, ranking, clustering, topic extraction, and summarization', 'Design end-to-end LLM workflows for context and content generation (topic discovery → briefs → drafts → revisions → publish-ready assets)', 'Develop prompt and template libraries aligned to brand voice and channel, with retrieval/evidence-grounded generation and citations', 'Create evaluation frameworks for generated content (factuality, coverage, tone, safety, originality) using rubric-based LLM evals, human-in-the-loop review, and red-teaming', 'Instrument and measure content performance (AEO/SEO visibility, engagement, conversion) and run experiments to improve quality, cost, and latency', 'Transform large text datasets into production features and signals to drive product insights', 'Partner with engineering to instrument events, maintain data pipelines, and ensure data quality and observability', 'Collaborate with product, data, and go-to-market teams on success metrics and customer-facing experiments']","['Proven experience shipping ML systems in production at scale, especially with large text data', 'Hands-on experience building LLM content systems (prompting, templating, retrieval/RAG, guardrails, evals)', 'Fluency in SQL and strong Python skills with modern ML tooling', 'Strong understanding of ML and generation quality metrics; ability to design offline and online evaluations and monitoring', 'Ability to innovate when off-the-shelf solutions don’t fit', 'Experience working in cross-functional, high-performance teams', 'Clear communication with technical and non-technical partners', 'Ownership mindset and comfort operating in a fast-paced, iterative environment']",,3,
Profound,Be more visible in AI Search.,https://www.tryprofound.com/,AI Marketing Engineer,New York City,"Aug 26, 2025",https://jobs.ashbyhq.com/Profound/76985e91-fbdb-41a6-9181-d037a5a7a6a6,8.0,,"Good technical and growth orientation and customer-facing experience, but lacks the 2–4 years of marketing-ops/SEO experience and direct HubSpot/Zapier/tooling background the role requires.","Profound is an NYC-based AI startup (Series B backed) that helps brands measure and improve visibility in AI platforms. The AI Marketing Engineer will build marketing workflows and automation systems on Profound’s node-based platform, combine marketing expertise with technical skills, and work with enterprise customers to optimize AI visibility.","['Meet with customers to understand marketing challenges and workflow needs', 'Design and implement complex multi-step workflows using Profound’s node-based automation platform (similar to Zapier)', 'Craft prompts for large language models to automate content personalization, lead scoring, and data enrichment', 'Develop plug-and-play marketing automation templates to monitor brand visibility and competitive positioning across AI platforms', 'Collaborate with customers and internal teams to iterate on and refine automation solutions based on real-world usage', 'Evaluate and manage partnerships with third-party vendors to develop and maintain marketing tool integrations']","['2–4 years experience in marketing operations, content strategy, or growth marketing with hands-on experience building workflows or automation', 'Strong understanding of SEO, AEO, content marketing, and brand positioning', 'Experience with marketing automation tools such as HubSpot, Zapier, Marketo, or similar platforms', 'Detail-oriented and comfortable working with data and learning new technical tools', 'Able to work independently as a remote contractor while staying connected to a fast-moving team; optional access to Union Square office']",,6,2.0
Profound,Be more visible in AI Search.,https://www.tryprofound.com/,Chief of Staff,New York City,"Aug 19, 2025",https://jobs.ashbyhq.com/Profound/52e2ff7b-1cff-42ba-9604-448eeb58d3d4,9.0,,"Good match — analytics, ops, founder/EIR and cross‑functional experience align; limited early-stage operator tenure and NYC on‑site/relocation risk.","Profound is an NYC-based AI startup (Series B funded) that helps brands measure and improve their visibility in AI platforms. The Chief of Staff will act as a force multiplier for the CEO and leadership team, driving high-impact strategic initiatives, ensuring execution and alignment across teams, and owning ambiguous, cross-functional projects.","['Partner with CEO and leadership to prioritize, execute, and track high-impact strategic initiatives', 'Streamline decision-making, manage leadership cadences, and ensure follow-through on commitments', 'Operate cross-functionally with Product, Engineering, Growth, and Customer Success to close gaps and accelerate progress', 'Influence without formal authority to build trust and alignment across teams', 'Own special, high-priority projects (process launches, operational bottlenecks, growth experiments)', 'Serve as a thought partner by providing strategic input and surfacing insights to shape company direction']","['High-agency, hungry operator who takes ownership and thrives in ambiguity', 'Experience owning outcomes end-to-end (background as PM, founder, or early operator)', 'Ability to influence and drive alignment across teams without formal authority', 'Comfortable at both strategic and tactical levels; willing to do hands-on work', 'Resilient, resourceful, and bias toward action', 'On-site in Union Square (New York City)']",,7,
Profound,Be more visible in AI Search.,https://www.tryprofound.com/,Growth Marketer,New York City,"Aug 19, 2025",https://jobs.ashbyhq.com/Profound/dd911f57-11ff-44f7-afb4-42e523bf6230,8.0,,"Strong analytics/A-B testing and growth interest, but lacks hands-on paid/email/channel marketing experience and likely not available/on-site in NYC.","Profound is an NYC-based Series B AI startup hiring a full-stack Growth Marketer (Self-Serve) to design, test, and scale growth experiments for its self-serve product, own top-of-funnel acquisition, optimize landing/onboarding/upsell flows, and build CAC payback models. This is a fully on-site role in Union Square, NYC.","['Identify, test, and scale growth levers across paid, email, affiliates and other channels for the self-serve product', 'Run rapid experiments and iterate on acquisition channels and campaigns', 'Create and optimize landing pages, onboarding flows, and upsell flows in partnership with the product team', 'Own top-of-funnel growth with a focus on increasing self-serve sign-ups', 'Define and build CAC payback models to meet revenue targets']","[""Generalist with a builder's mindset, comfortable with ambiguity and experimentation"", 'Strong executor who combines creativity with analytical thinking', 'Passion for AI and its impact on discovery and decision-making', 'Collaborative, curious, and able to thrive in a fast-paced startup environment', 'Bonus: B2C or early-stage startup experience with a self-service motion', 'Must be able to work fully on-site in Union Square and live/work in the NYC area']",,4,
Profound,Be more visible in AI Search.,https://www.tryprofound.com/,GTM Recruiter,New York City,"Jul 29, 2025",https://jobs.ashbyhq.com/Profound/10f951f8-a495-428c-847a-eede0ff61474,6.0,,"Strong data/process and sourcing transfers (venture sourcing, candidate research) but lacks proven full‑cycle GTM/sales hiring, NYC/startup recruiting track record, and on‑site commitment.","GTM Recruiter at Profound, an NYC-based Series B AI startup. Own full-cycle hiring for non-technical roles with a heavy focus on building a world-class sales team. On-site role in the Union Square office.","['Own and run full-cycle recruiting for GTM & G&A (sales, marketing, customer success, ops, finance).', 'Build scalable sourcing engines (outbound, referrals, talent communities) to maintain a strong top-of-funnel.', 'Partner with founders and hiring managers to define scorecards, interview loops, and SLAs.', 'Craft clear outreach and deliver a high-touch candidate experience.', 'Instrument and optimize the recruiting funnel (ATS hygiene, conversion dashboards, channel ROI) and iterate quickly.']","['Proven experience hiring sales and marketing talent at fast-growing startups (preferably NYC-based).', 'Full-cycle recruiter able to manage everything from writing job descriptions to negotiating and closing offers.', 'Creative sourcer with an existing network and the persistence to build one where it doesn’t exist.', 'Data- and process-minded: tracks metrics like time-to-fill and source yield and can unblock bottlenecks.', 'High-agency, persuasive, and comfortable driving speed without sacrificing quality.', 'Willingness to work on-site at the Union Square office.']",,4,
Profound,Be more visible in AI Search.,https://www.tryprofound.com/,AI Analyst,New York City,"Jul 29, 2025",https://jobs.ashbyhq.com/Profound/37964fbb-6733-4383-b15c-4811cb450fe7,8.0,,Strong ML/data + strategy + presentation experience aligning with analyst/advisory work; lacks explicit SEO/LLM/RAG exposure and on-site NYC preference is unclear.,"Profound is an NYC-based AI startup building a platform to measure and improve brand visibility in AI platforms. The AI Analyst will research and reverse-engineer how LLMs surface information, produce research and competitive intelligence, and advise Fortune 100 clients on AI visibility.","['Analyze how brands appear across AI interfaces (e.g., ChatGPT, Perplexity, Claude, and emerging platforms)', 'Build research artifacts that serve as definitive references on AI visibility', 'Identify behavioral patterns in LLM responses before they become market-visible', 'Create competitive intelligence frameworks for unmapped categories', 'Transform raw platform data into strategic narratives and client recommendations', 'Synthesize daily AI platform developments into implications for clients and product', 'Lead strategy for Fortune 100 clients as subject-matter expertise develops']","['Strong pattern recognition in complex systems', 'Experience in SEO/search marketing', 'Fluency in modern search and discovery concepts (bonus: RAG, embeddings, LLM architectures)', 'Comfort with Python notebooks and creating boardroom-ready presentations', 'Ability to work with ambiguity and think from first principles', 'Background indicating exceptional trajectory (e.g., MBB consulting, technical PM, growth analytics, standout academic research)', 'Willingness to work on-site in Union Square, NYC']",,7,1.0
Profound,Be more visible in AI Search.,https://www.tryprofound.com/,Growth Marketer,New York City,"Jul 24, 2025",https://jobs.ashbyhq.com/Profound/8a1d0f6b-cb79-4280-95e6-56b000ca1844,9.0,,"Good fit on analytics, experimentation, AI interest, event/community building and startup exposure aligning with growth work; weaker on explicit B2B SaaS paid/email execution, funnel tools, and on-site NYC experience.","Profound is an NYC-based Series B AI startup seeking a full-stack Growth Marketer (Enterprise) to design, run, and scale early growth experiments and build a top-of-funnel growth engine across paid, email, organic, events, and partnerships. This on-site role in Union Square is aimed at a builder who shapes strategy in a fast-moving startup environment.","['Identify, test, and scale growth levers across paid, email, organic, and other channels', 'Create and optimize landing pages, lead magnets, and nurture flows', 'Own top-of-funnel growth with focus on generating qualified pipeline', 'Plan, execute, and optimize webinars, workshops, and in-person/virtual events to drive engagement and pipeline', 'Manage and grow community and strategic partnerships including outreach, recruiting, onboarding, activation, and retention']","['Generalist with a builder’s mindset, comfortable with ambiguity and experimentation', 'Strong executor who combines creativity with analytical thinking', 'Passion for AI and its impact on discovery and decision-making', 'Collaborative, curious, and energized by fast-paced environments', 'Bonus: experience in B2B SaaS or early-stage startups', 'On-site work in Union Square (New York City)']",,7,
Profound,Be more visible in AI Search.,https://www.tryprofound.com/,General,New York City,"Jul 24, 2025",https://jobs.ashbyhq.com/Profound/fdc6e1f0-0b5b-4c07-922d-090a9bc4bd93,9.0,,"Strong AI/ML, product and startup experience that fits business-technical roles; slight risk around NYC onsite/location and exact role fit.","Profound is an NYC-based Series B AI startup (Union Square office) building tools that help brands measure and improve their visibility in AI platforms like ChatGPT. They seek talented builders across engineering, product, design, and research to join a fast-moving, on-site team focused on AI, security, and online intelligence.","[""Design, build, and iterate on tools that analyze AI-generated content and improve customers' AI visibility"", 'Collaborate across engineering, product, design, and research to deliver fast, high-impact work', 'Contribute to product development, testing, and deployment in a startup environment', ""Help provide transparency and actionable insights about organizations' AI footprint for enterprise customers""]","['Interest and enthusiasm for AI, security, and the future of online intelligence', 'Experience or background in engineering, product, design, or research (role-appropriate skills expected)', ""Ability to work on-site at Profound's Union Square, NYC office"", 'Comfort working in a fast-paced, iterative startup environment']",,8,
Profound,Be more visible in AI Search.,https://www.tryprofound.com/,Data Science,New York City,"Jul 24, 2025",https://jobs.ashbyhq.com/Profound/26f3cb11-c67a-4534-adc6-13e404a883f7,8.0,,"Strong ML/analytics foundation (Python, SQL, A/B testing) and product instincts, but likely <3yrs of advanced analytics, limited R/production LLM experience, and NYC on‑site requirement.","Data Scientist role at Profound, an NYC-based Series B AI startup that helps brands measure and improve their visibility in AI platforms (e.g., ChatGPT). The role focuses on building predictive models, designing sampling and classification techniques, leveraging LLMs/NLP on large datasets, running experiments, and turning insights into business impact. This is an on-site position in Union Square, NYC.","['Develop and refine predictive models to analyze and forecast AI-driven search behavior', 'Design sampling and data classification techniques to improve AI-driven brand insights', 'Use LLMs and NLP to extract insights from unstructured text', 'Work with large datasets: query, clean, and classify data efficiently', 'Design and conduct A/B tests and other experimentation frameworks to measure impact', 'Collaborate with the founding team to translate complex data insights into actionable strategies']","['3+ years of advanced analytics experience in technology, marketing, or advertising', 'Proficiency in Python, R, and SQL with hands-on experience querying and analyzing large datasets', 'Expertise in data sampling techniques (stratified sampling, bootstrapping, extrapolation)', 'Strong background in predictive modeling and applying ML to estimate event frequency', 'Deep understanding of Large Language Models, their limitations, and real-world applications', 'Interest in staying current with AI research (including multi-modal AI and LLM advancements)', 'Ability to thrive in a fast-moving, high-performance startup environment', 'Willingness to work on-site in the Union Square office (New York City)']",,6,3.0
Profound,Be more visible in AI Search.,https://www.tryprofound.com/,AI Strategist,New York City,"Jul 24, 2025",https://jobs.ashbyhq.com/Profound/d98681c2-f665-428d-adca-b4624e7e48ef,8.0,,Seniority,"AI Strategist role at Profound, an NYC-based AI startup that helps brands measure and improve visibility in AI platforms (e.g., ChatGPT). The role partners with Fortune 500 clients to guide AI discovery, lead original LLM research, create industry playbooks, influence product direction, and work on-site in Profound's Union Square office. Base salary range listed at $140,000–$190,000 plus equity and benefits.","['Partner with Fortune 500 brands as a strategic guide through the AI discovery landscape', 'Lead original research on LLM behavior, prompt patterns, and visibility mechanics', 'Develop vertical-specific playbooks and best practices', 'Translate customer edge cases into product features', 'Conduct competitive intelligence and gap analysis across AI search platforms', 'Build measurement frameworks for new AI visibility metrics', 'Bridge technical complexity and strategic clarity in client interactions', 'Work in-person with the team at the Union Square office']","['8+ years shaping search strategy, content architecture, or growth systems at scale', 'Deep fluency in the evolution of search (e.g., PageRank to RAG)', 'Proven track record of early, accurate judgments about industry shifts', 'Ability to see patterns in complexity and structure insights from noisy data', 'Experience translating technical concepts into strategic advantage', 'Comfort operating at the intersection of product, engineering, and customer success', 'Willingness to work on-site in the Union Square, NYC office']",,0,8.0
Profound,Be more visible in AI Search.,https://www.tryprofound.com/,Account Executive - NYC,New York City,"Jul 24, 2025",https://jobs.ashbyhq.com/Profound/9e241b8d-3f96-42ef-b24c-21157f4bf28a,7.0,,Requires proven quota-driven SaaS closing and on-site NYC presence; candidate has strong analytics and BD-adjacent experience but no documented SaaS sales/closing track record.,"Profound is an NYC-based AI startup that helps brands measure and improve their visibility in AI platforms. The company is hiring an on-site Account Executive in Union Square to manage the full sales cycle for a designated market segment (SMB, mid-market, or enterprise), driving revenue with a consultative, strategic approach.","['Own the full sales cycle from targeted prospecting through negotiation and closing', 'Develop and execute strategic outreach and pipeline management tactics for your segment', 'Build and nurture relationships with prospects from first contact through long-term engagement', 'Collaborate with cross-functional teams to refine strategies and close high-impact deals']","['Proven track record closing SaaS deals', 'Experience in both high-velocity transactional sales and consultative, relationship-driven selling', 'Resilient and goal-oriented, able to manage a robust pipeline and consistently exceed quotas', 'Ability to tailor sales strategies to SMB, mid-market, or enterprise opportunities', 'Willingness to work on-site in the Union Square, NYC office']",,3,
